iter	MultiClass
0	0.3543601175
1	0.1985196345
2	0.1168606468
3	0.07330012486
4	0.05075150438
5	0.0351839574
6	0.0274150068
7	0.02149663803
8	0.01817884758
9	0.01648369116
